[
  {
    "id": "3544ace7-0649-4935-bab8-a8dfc7fa1254",
    "data": [
      {
        "text": "I have a ",
        "userDefined": false
      },
      {
        "text": "feedback",
        "meta": "@sys.ignore",
        "userDefined": false
      }
    ],
    "isTemplate": false,
    "count": 0,
    "updated": 1551795960
  },
  {
    "id": "9209207f-b64f-4419-8543-841925b39e4b",
    "data": [
      {
        "text": "complaint",
        "alias": "typeFeedback",
        "meta": "@typeFeedback",
        "userDefined": true
      }
    ],
    "isTemplate": false,
    "count": 0,
    "updated": 1551794005
  },
  {
    "id": "9ae82efc-8aea-4be4-90ec-a8d5be836bc0",
    "data": [
      {
        "text": "its a ",
        "userDefined": false
      },
      {
        "text": "suggestion",
        "alias": "typeFeedback",
        "meta": "@typeFeedback",
        "userDefined": true
      }
    ],
    "isTemplate": false,
    "count": 0,
    "updated": 1551795960
  },
  {
    "id": "c45083c1-aa8f-403a-a8b7-d5df8c8a685b",
    "data": [
      {
        "text": "its a suggestion",
        "userDefined": false
      }
    ],
    "isTemplate": false,
    "count": 0,
    "updated": 1551789680
  },
  {
    "id": "3ecca287-2484-4cda-89f6-033c023b9350",
    "data": [
      {
        "text": "it\u0027s a suggestion",
        "userDefined": false
      }
    ],
    "isTemplate": false,
    "count": 0,
    "updated": 1551789680
  },
  {
    "id": "80d4ed82-9455-4410-a5de-abd9200fc07a",
    "data": [
      {
        "text": "it is a suggestion",
        "userDefined": false
      }
    ],
    "isTemplate": false,
    "count": 0,
    "updated": 1551789680
  },
  {
    "id": "5ef45bae-ab73-4a72-a923-c11c402acc0c",
    "data": [
      {
        "text": "suggestion",
        "userDefined": false
      }
    ],
    "isTemplate": false,
    "count": 0,
    "updated": 1551789680
  },
  {
    "id": "a6aef467-3b69-4f37-af7c-c9fdd62ded3b",
    "data": [
      {
        "text": "feedback",
        "meta": "@sys.ignore",
        "userDefined": true
      }
    ],
    "isTemplate": false,
    "count": 0,
    "updated": 1551792391
  },
  {
    "id": "864aa522-fb4b-426c-bf74-a43d18e1d90c",
    "data": [
      {
        "text": "this complaint is about ",
        "userDefined": false
      },
      {
        "text": "electricity",
        "alias": "subject",
        "meta": "@sys.any",
        "userDefined": true
      }
    ],
    "isTemplate": false,
    "count": 0,
    "updated": 1551781901
  },
  {
    "id": "d69e1f10-2650-47fb-be43-4a2b17abe3c8",
    "data": [
      {
        "text": "i have to complain",
        "userDefined": false
      }
    ],
    "isTemplate": false,
    "count": 0,
    "updated": 1551728115
  },
  {
    "id": "d8aa0294-bf77-41a0-8223-a238236fb3e1",
    "data": [
      {
        "text": "have a feedback",
        "userDefined": false
      }
    ],
    "isTemplate": false,
    "count": 0,
    "updated": 1551796799
  },
  {
    "id": "12fa7123-6964-43bd-a802-d307e49346d4",
    "data": [
      {
        "text": "description is ",
        "userDefined": false
      },
      {
        "text": "some description",
        "alias": "description",
        "meta": "@sys.any",
        "userDefined": true
      },
      {
        "text": ":",
        "userDefined": false
      }
    ],
    "isTemplate": false,
    "count": 0,
    "updated": 1551729786
  },
  {
    "id": "92c849c4-2c3a-42f2-9321-494333d0d302",
    "data": [
      {
        "text": "the problem is ",
        "userDefined": false
      },
      {
        "text": "details",
        "alias": "description",
        "meta": "@sys.any",
        "userDefined": true
      }
    ],
    "isTemplate": false,
    "count": 0,
    "updated": 1551724260
  },
  {
    "id": "bb327d8a-7f7d-46e8-9ab5-80b7bf82338e",
    "data": [
      {
        "text": "subject is ",
        "userDefined": false
      },
      {
        "text": "management",
        "alias": "subject",
        "meta": "@sys.any",
        "userDefined": false
      }
    ],
    "isTemplate": false,
    "count": 0,
    "updated": 1551781901
  },
  {
    "id": "0189204a-dec6-4a2a-98ee-17544d98a430",
    "data": [
      {
        "text": "I want to launch a ",
        "userDefined": false
      },
      {
        "text": "complaint",
        "meta": "@sys.ignore",
        "userDefined": false
      }
    ],
    "isTemplate": false,
    "count": 0,
    "updated": 1551781600
  },
  {
    "id": "43075062-d96b-448c-a72f-5765a7af7574",
    "data": [
      {
        "text": "have a ",
        "userDefined": false
      },
      {
        "text": "complaint",
        "alias": "typeFeedback",
        "meta": "@typeFeedback",
        "userDefined": true
      }
    ],
    "isTemplate": false,
    "count": 0,
    "updated": 1551781600
  },
  {
    "id": "956ea705-33e9-4025-8a6f-e0dd3cac6e64",
    "data": [
      {
        "text": "I have a ",
        "userDefined": false
      },
      {
        "text": "complaint",
        "meta": "@sys.ignore",
        "userDefined": false
      }
    ],
    "isTemplate": false,
    "count": 0,
    "updated": 1551781600
  },
  {
    "id": "57440a03-4d82-4ab2-a8e2-227eba1e9fde",
    "data": [
      {
        "text": "I need to ",
        "userDefined": false
      },
      {
        "text": "complain",
        "meta": "@sys.ignore",
        "userDefined": false
      },
      {
        "text": " about something",
        "userDefined": false
      }
    ],
    "isTemplate": false,
    "count": 1,
    "updated": 1551781600
  }
]