[
  {
    "id": "de625567-a70c-433f-9dd6-abc2eec4cb4c",
    "data": [
      {
        "text": "fine",
        "userDefined": false
      }
    ],
    "isTemplate": false,
    "count": 0,
    "updated": 1551479891
  },
  {
    "id": "d20f7703-d8e0-43ba-a89b-bd35175466bd",
    "data": [
      {
        "text": "good",
        "userDefined": false
      }
    ],
    "isTemplate": false,
    "count": 0,
    "updated": 1551479891
  },
  {
    "id": "dc157c1e-625f-4903-a008-c9436d1f7a2c",
    "data": [
      {
        "text": "i am fine",
        "userDefined": false
      }
    ],
    "isTemplate": false,
    "count": 1,
    "updated": 1551478988
  },
  {
    "id": "92a3afc2-bbc5-4cf5-ba4e-0f522ad278dd",
    "data": [
      {
        "text": "i\u0027m good",
        "userDefined": false
      }
    ],
    "isTemplate": false,
    "count": 0,
    "updated": 1551478988
  },
  {
    "id": "9a69b8bd-af41-41c2-8e84-593e3e169e4b",
    "data": [
      {
        "text": "just going to say hi",
        "userDefined": false
      }
    ],
    "isTemplate": false,
    "count": 0,
    "updated": 0
  },
  {
    "id": "f0a972a5-a320-43aa-b0b9-6e553cff9834",
    "data": [
      {
        "text": "heya",
        "userDefined": false
      }
    ],
    "isTemplate": false,
    "count": 0,
    "updated": 0
  },
  {
    "id": "7adaefa1-94b3-45f8-a939-2f8b7b8c6938",
    "data": [
      {
        "text": "hello hi",
        "userDefined": false
      }
    ],
    "isTemplate": false,
    "count": 0,
    "updated": 0
  },
  {
    "id": "67fadcb0-1db1-421e-a94c-1f3b929eec75",
    "data": [
      {
        "text": "howdy",
        "userDefined": false
      }
    ],
    "isTemplate": false,
    "count": 0,
    "updated": 0
  },
  {
    "id": "eb222444-f799-4c60-bf8b-122d0c38540c",
    "data": [
      {
        "text": "hey there",
        "userDefined": false
      }
    ],
    "isTemplate": false,
    "count": 0,
    "updated": 0
  },
  {
    "id": "52cbd01e-c04d-44bf-b90f-da5996d3f555",
    "data": [
      {
        "text": "hi there",
        "userDefined": false
      }
    ],
    "isTemplate": false,
    "count": 1,
    "updated": 0
  },
  {
    "id": "37132378-a93f-4807-9210-3d00788aa53a",
    "data": [
      {
        "text": "greetings",
        "userDefined": false
      }
    ],
    "isTemplate": false,
    "count": 0,
    "updated": 0
  },
  {
    "id": "d0ba9f5a-648c-4765-b588-c4e330a426c6",
    "data": [
      {
        "text": "hey",
        "userDefined": false
      }
    ],
    "isTemplate": false,
    "count": 0,
    "updated": 0
  },
  {
    "id": "b6e42564-b9d7-4768-8f5e-3a7fad1a335c",
    "data": [
      {
        "text": "long time no see",
        "userDefined": false
      }
    ],
    "isTemplate": false,
    "count": 0,
    "updated": 0
  },
  {
    "id": "c185a3ad-4ab7-49fb-b641-badf159a4592",
    "data": [
      {
        "text": "hello",
        "userDefined": false
      }
    ],
    "isTemplate": false,
    "count": 1,
    "updated": 0
  },
  {
    "id": "5b280d98-d801-4b92-b6d9-1c1cad04c86e",
    "data": [
      {
        "text": "lovely day isn\u0027t it",
        "userDefined": false
      }
    ],
    "isTemplate": false,
    "count": 0,
    "updated": 0
  },
  {
    "id": "1c22a58e-07b1-4680-96c4-7711f0ccaa44",
    "data": [
      {
        "text": "I greet you",
        "userDefined": false
      }
    ],
    "isTemplate": false,
    "count": 0,
    "updated": 0
  },
  {
    "id": "41ca2230-6f6c-471e-87a9-88e4b22161d4",
    "data": [
      {
        "text": "hello again",
        "userDefined": false
      }
    ],
    "isTemplate": false,
    "count": 0,
    "updated": 0
  },
  {
    "id": "0ff583b0-096f-4d75-af6b-71f3708ed328",
    "data": [
      {
        "text": "hi",
        "userDefined": false
      }
    ],
    "isTemplate": false,
    "count": 0,
    "updated": 0
  },
  {
    "id": "5b237be2-10bd-41f4-b335-a8e24a6c873e",
    "data": [
      {
        "text": "hello there",
        "userDefined": false
      }
    ],
    "isTemplate": false,
    "count": 0,
    "updated": 0
  },
  {
    "id": "95017e2a-232f-43ee-99fa-fc26da69ea56",
    "data": [
      {
        "text": "a good day",
        "userDefined": false
      }
    ],
    "isTemplate": false,
    "count": 0,
    "updated": 0
  }
]