[
  {
    "id": "9fb1ed18-a6bc-473c-891f-98a99c9ec9df",
    "data": [
      {
        "text": "i have complaint",
        "userDefined": false
      }
    ],
    "isTemplate": false,
    "count": 0,
    "updated": 1551790834
  },
  {
    "id": "112c6f9e-ae51-424f-b1bf-2cb601aae5ae",
    "data": [
      {
        "text": "it is a complaint",
        "userDefined": false
      }
    ],
    "isTemplate": false,
    "count": 0,
    "updated": 1551790834
  },
  {
    "id": "0dde43ce-ac05-4c72-b676-ef1d740c33a4",
    "data": [
      {
        "text": "it\u0027s a complaint",
        "userDefined": false
      }
    ],
    "isTemplate": false,
    "count": 0,
    "updated": 1551790834
  },
  {
    "id": "38970ba4-7ff3-4349-a28f-113b51f7800f",
    "data": [
      {
        "text": "its a complaint",
        "userDefined": false
      }
    ],
    "isTemplate": false,
    "count": 0,
    "updated": 1551790834
  },
  {
    "id": "f546a851-4295-425f-b4be-44a83dfddd05",
    "data": [
      {
        "text": "complaint",
        "userDefined": false
      }
    ],
    "isTemplate": false,
    "count": 0,
    "updated": 1551790834
  },
  {
    "id": "aec7c5bf-1897-46ce-9a4b-83487a661605",
    "data": [
      {
        "text": "a complaint",
        "userDefined": false
      }
    ],
    "isTemplate": false,
    "count": 0,
    "updated": 1551790834
  },
  {
    "id": "4bb0d47c-a00b-4d29-b848-e8e81b4a7560",
    "data": [
      {
        "text": "i have a complaint",
        "userDefined": false
      }
    ],
    "isTemplate": false,
    "count": 0,
    "updated": 1551790834
  },
  {
    "id": "60bdfa6c-d637-4741-803e-2be76f80ea16",
    "data": [
      {
        "text": "i have a",
        "meta": "@sys.ignore",
        "userDefined": true
      },
      {
        "text": " ",
        "userDefined": false
      },
      {
        "text": "feedback",
        "alias": "feedback",
        "meta": "@feedback",
        "userDefined": true
      }
    ],
    "isTemplate": false,
    "count": 0,
    "updated": 1551788462
  },
  {
    "id": "491b23e3-6237-4a2e-b963-9b00127aa60d",
    "data": [
      {
        "text": "description is ",
        "userDefined": false
      },
      {
        "text": "management is so good",
        "alias": "description",
        "meta": "@sys.any",
        "userDefined": true
      }
    ],
    "isTemplate": false,
    "count": 0,
    "updated": 1551786784
  },
  {
    "id": "604b0781-d6e6-44db-b858-8c7e8dec87d3",
    "data": [
      {
        "text": "subject is ",
        "userDefined": false
      },
      {
        "text": "discipline",
        "alias": "subject",
        "meta": "@sys.any",
        "userDefined": false
      }
    ],
    "isTemplate": false,
    "count": 0,
    "updated": 1551786709
  },
  {
    "id": "61977d05-48a3-4e8c-9373-40c3b11ff1ec",
    "data": [
      {
        "text": "a suggestion",
        "userDefined": false
      }
    ],
    "isTemplate": false,
    "count": 0,
    "updated": 1551786709
  },
  {
    "id": "cbde6065-bd9d-4e21-bef9-0334152769a9",
    "data": [
      {
        "text": "suggestion",
        "userDefined": false
      }
    ],
    "isTemplate": false,
    "count": 0,
    "updated": 1551786709
  },
  {
    "id": "226a627e-5fd7-4288-8a0c-d7df6418cb47",
    "data": [
      {
        "text": "it is a ",
        "userDefined": false
      },
      {
        "text": "suggestion",
        "meta": "@sys.ignore",
        "userDefined": true
      }
    ],
    "isTemplate": false,
    "count": 0,
    "updated": 1551786709
  },
  {
    "id": "9e459aba-065f-426f-a4d7-d41612a0e227",
    "data": [
      {
        "text": "have some suggestion",
        "userDefined": false
      }
    ],
    "isTemplate": false,
    "count": 0,
    "updated": 1551786709
  },
  {
    "id": "12e46efb-4fd6-432b-b2c6-6cfc8d5e06b6",
    "data": [
      {
        "text": "have some",
        "alias": "feedback",
        "meta": "@feedback",
        "userDefined": true
      },
      {
        "text": " ",
        "userDefined": false
      },
      {
        "text": "feedback",
        "meta": "@sys.ignore",
        "userDefined": true
      }
    ],
    "isTemplate": false,
    "count": 0,
    "updated": 1551786709
  },
  {
    "id": "9e345ec5-db3d-4138-9d6d-a0e859127da1",
    "data": [
      {
        "text": "i have some",
        "alias": "feedback",
        "meta": "@feedback",
        "userDefined": true
      },
      {
        "text": " feedback",
        "userDefined": false
      }
    ],
    "isTemplate": false,
    "count": 0,
    "updated": 1551786709
  },
  {
    "id": "94086ba3-f65c-4b08-83fe-7eb57b87c820",
    "data": [
      {
        "text": "i want to give a feedback",
        "userDefined": false
      }
    ],
    "isTemplate": false,
    "count": 0,
    "updated": 1551786709
  },
  {
    "id": "24f96c5d-41c9-420d-9c0b-5387d02c9e39",
    "data": [
      {
        "text": "feedback is a ",
        "userDefined": false
      },
      {
        "text": "suggestion",
        "meta": "@sys.ignore",
        "userDefined": true
      }
    ],
    "isTemplate": false,
    "count": 0,
    "updated": 1551785465
  },
  {
    "id": "b999180f-8b89-4d2d-bac2-013e2413edb7",
    "data": [
      {
        "text": "feedback is a complaint",
        "userDefined": false
      }
    ],
    "isTemplate": false,
    "count": 0,
    "updated": 1551785465
  },
  {
    "id": "6ecea0bc-a100-4520-b6a4-ab057e0dd340",
    "data": [
      {
        "text": "i have to provide a feedback",
        "userDefined": false
      }
    ],
    "isTemplate": false,
    "count": 0,
    "updated": 1551784859
  },
  {
    "id": "abc22795-7de9-46a3-8d31-91683e4163fa",
    "data": [
      {
        "text": "i want to provide some ",
        "userDefined": false
      },
      {
        "text": "suggestion",
        "meta": "@sys.ignore",
        "userDefined": false
      }
    ],
    "isTemplate": false,
    "count": 1,
    "updated": 1551784859
  },
  {
    "id": "2a6a05b2-e2ec-45eb-b96d-548454adb95a",
    "data": [
      {
        "text": "i want to provide some ",
        "userDefined": false
      },
      {
        "text": "feedback",
        "meta": "@sys.ignore",
        "userDefined": true
      }
    ],
    "isTemplate": false,
    "count": 0,
    "updated": 1551785465
  },
  {
    "id": "b7f71b5e-7c8b-4c36-9a40-410ef2f9b152",
    "data": [
      {
        "text": "i have a ",
        "userDefined": false
      },
      {
        "text": "suggestion",
        "meta": "@sys.ignore",
        "userDefined": true
      }
    ],
    "isTemplate": false,
    "count": 0,
    "updated": 1551784859
  }
]