[
  {
    "id": "9090ea02-81cc-4515-96c5-0c07652986c8",
    "data": [
      {
        "text": "book hotel",
        "userDefined": false
      }
    ],
    "isTemplate": false,
    "count": 0,
    "updated": 1551796188
  },
  {
    "id": "c634fd52-7447-4bca-a50f-72198098a795",
    "data": [
      {
        "text": "reserve a room",
        "userDefined": false
      }
    ],
    "isTemplate": false,
    "count": 0,
    "updated": 1551785624
  },
  {
    "id": "0e020758-b0e8-48e6-8f82-4b2b791e47bd",
    "data": [
      {
        "text": "book a room",
        "userDefined": false
      }
    ],
    "isTemplate": false,
    "count": 0,
    "updated": 1551785624
  },
  {
    "id": "34cddf0c-9a1b-42ff-a81a-ba4f1e3967f2",
    "data": [
      {
        "text": "i ",
        "userDefined": false
      },
      {
        "text": "want a room",
        "meta": "@sys.ignore",
        "userDefined": true
      }
    ],
    "isTemplate": false,
    "count": 0,
    "updated": 1551781332
  },
  {
    "id": "ccdf987b-65c3-4836-9aae-d1461482d76e",
    "data": [
      {
        "text": "i need an ",
        "userDefined": false
      },
      {
        "text": "standard",
        "alias": "RoomType",
        "meta": "@RoomType",
        "userDefined": true
      },
      {
        "text": " room.",
        "userDefined": false
      }
    ],
    "isTemplate": false,
    "count": 0,
    "updated": 1551478634
  },
  {
    "id": "67caf15b-5c39-407e-b3cb-651033a93faa",
    "data": [
      {
        "text": "I want a ",
        "userDefined": false
      },
      {
        "text": "regular",
        "alias": "RoomType",
        "meta": "@RoomType",
        "userDefined": true
      },
      {
        "text": " room",
        "userDefined": false
      }
    ],
    "isTemplate": false,
    "count": 0,
    "updated": 1551478634
  },
  {
    "id": "951d6d51-1c8e-434c-af23-e34dd3b68459",
    "data": [
      {
        "text": "i would like to ",
        "userDefined": false
      },
      {
        "text": "book",
        "meta": "@sys.ignore",
        "userDefined": true
      },
      {
        "text": " ",
        "userDefined": false
      },
      {
        "text": "vip",
        "alias": "RoomType",
        "meta": "@RoomType",
        "userDefined": true
      },
      {
        "text": " room",
        "userDefined": false
      }
    ],
    "isTemplate": false,
    "count": 0,
    "updated": 1551781332
  },
  {
    "id": "13759e93-cd13-4540-87ba-e9f17cd14593",
    "data": [
      {
        "text": "My email is ",
        "userDefined": false
      },
      {
        "text": "abc@abc.com",
        "alias": "email",
        "meta": "@sys.email",
        "userDefined": true
      }
    ],
    "isTemplate": false,
    "count": 0,
    "updated": 1547418077
  },
  {
    "id": "dbbf6cef-efd3-4536-9190-6ad84447028d",
    "data": [
      {
        "text": "Book",
        "meta": "@sys.ignore",
        "userDefined": true
      },
      {
        "text": " hotel for ",
        "userDefined": false
      },
      {
        "text": "3",
        "alias": "persons",
        "meta": "@sys.number",
        "userDefined": false
      },
      {
        "text": " persons.",
        "userDefined": false
      }
    ],
    "isTemplate": false,
    "count": 0,
    "updated": 1551781332
  },
  {
    "id": "248f72b0-0852-4849-9092-2ed8ac5fc9f5",
    "data": [
      {
        "text": "My name is ",
        "userDefined": false
      },
      {
        "text": "Edward.",
        "alias": "name",
        "meta": "@sys.given-name",
        "userDefined": false
      }
    ],
    "isTemplate": false,
    "count": 0,
    "updated": 1548352973
  },
  {
    "id": "880f0799-7132-4b92-bfbe-b2286783d41e",
    "data": [
      {
        "text": "I want to ",
        "userDefined": false
      },
      {
        "text": "reserve",
        "meta": "@sys.ignore",
        "userDefined": true
      },
      {
        "text": " hotel room.",
        "userDefined": false
      }
    ],
    "isTemplate": false,
    "count": 0,
    "updated": 1551781332
  },
  {
    "id": "d740acf6-21ae-418a-9c00-8c8850a27c30",
    "data": [
      {
        "text": "I ",
        "userDefined": false
      },
      {
        "text": "need a room",
        "meta": "@sys.ignore",
        "userDefined": true
      },
      {
        "text": ".",
        "userDefined": false
      }
    ],
    "isTemplate": false,
    "count": 0,
    "updated": 1551781332
  },
  {
    "id": "50ac1b24-4cb8-44df-81a4-d498e03d5598",
    "data": [
      {
        "text": "I want to ",
        "userDefined": false
      },
      {
        "text": "book",
        "meta": "@sys.ignore",
        "userDefined": true
      },
      {
        "text": " a room.",
        "userDefined": false
      }
    ],
    "isTemplate": false,
    "count": 0,
    "updated": 1551781332
  }
]